Species,Full species name (in italics)
Baec lini,Baeckea linifolia
Bank eric,Banksia ericifolia
Baue rubi,Bauera rubioides
Baum rubi,Machaerina rubiginosa
Baum tere,Machaerina teretifolia
Boro parv,Boronia parviflora
Cass pube,Cassytha pubescens
Chor spha,Chorizandra sphaerocephala
Come retu,Comesperma retusum
Damp stri,Dampiera stricta
Dill flor,Dillwynia floribunda
Dros bina,Drosera binata
Dros spat,Drosera spatulata
Empo minu,Empodisma minus
Ento stri,Entolasia stricta
Epac obtu,Epacris obtusifolia
Gahn sieb,Gahnia sieberiana
Glei dica,Gleichenia dicarpa
Glei micr,Gleichenia microphylla
Good dimo,Goodenia dimorpha
Isol inun,Isolepis inundata
Gymn spha,Gymnoschoenus sphaerocephalus
Good bell,Goodenia bellidifolia
Lepi fili,Lepidosperma filiforme
Lepi limi,Lepidosperma limicola
Lept gran,Leptospermum grandifolium
Lept juni,Leptospermum juniperinum
Lept tena,Leptocarpus tenax
Ptil deus,Ptilothrix deusta
Pult diva,Pultenaea divaricata
Scae albi,Scaevola albida
Scho brev,Schoenus brevifolius
Sela ulig,Selaginella uliginosa
Spre inca,Sprengelia incarnata
Tetr turf,Tetrarrhena turfosa
Utri late,Utricularia lateriflora
Viol sieb,Viola sieberiana
Xyri oper,Xyris operculata
Xyri ustu,Xyris ustulata
